ISO3,国家,MMR,MMR年份,原始GDP,GDP年份,logGDP（公式）,政治体制代码,文字类别,政治体制年份,CPR,CPR年份,CPR缺失标记（公式）,log(MMR)（公式）,Regime=1,Regime=2,Regime=3,CPR年份-2018,审计备注,_row
AFG,Afghanistan,521,2023,1983.81261992909,2023,7.592775837784295,0.0,Closed autocracy,2023.0,22.5,2015.0,Observed,6.255750041753367,0.0,0.0,0.0,-3.0,,5
ALB,Albania,7,2023,20501.6470726741,2023,9.928260506907504,2.0,Electoral democracy,2023.0,46.0,2018.0,Observed,1.9459101490553132,0.0,1.0,0.0,0.0,,6
DZA,Algeria,62,2023,15159.3242373415,2023,9.6263710828296,1.0,Electoral autocracy,2023.0,53.6,2019.0,Observed,4.127134385045092,1.0,0.0,0.0,1.0,,7
AGO,Angola,183,2023,8597.53878787554,2023,9.059231253825821,1.0,Electoral autocracy,2023.0,13.7,2016.0,Observed,5.209486152841421,1.0,0.0,0.0,-2.0,,8
ARG,Argentina,33,2023,27230.3968496682,2023,10.212089159548686,2.0,Electoral democracy,2023.0,70.1027087175867,2020.0,Observed,3.4965075614664802,0.0,1.0,0.0,2.0,,9
ARM,Armenia,19,2023,19402.7510915578,2023,9.873170143840682,2.0,Electoral democracy,2023.0,57.1,2016.0,Observed,2.9444389791664403,0.0,1.0,0.0,-2.0,,10
AUS,Australia,2,2023,60684.9596204883,2023,11.013451164144975,3.0,Liberal democracy,2023.0,66.93,2016.0,Observed,0.6931471805599453,0.0,0.0,1.0,-2.0,,11
AUT,Austria,6,2023,64536.2076307547,2023,11.074981703897409,3.0,Liberal democracy,2023.0,65.6525747141987,2013.0,Observed,1.791759469228055,0.0,0.0,1.0,-5.0,,12
AZE,Azerbaijan,18,2023,21310.7386915022,2023,9.966966388569878,1.0,Electoral autocracy,2023.0,54.9,2011.0,Observed,2.8903717578961645,1.0,0.0,0.0,-7.0,,13
BHR,Bahrain,17,2023,57819.9051831242,2023,10.965088375706042,0.0,Closed autocracy,2023.0,,,Missing,2.833213344056216,0.0,0.0,0.0,,,14
BGD,Bangladesh,115,2023,8242.39798977242,2023,9.017046598742207,1.0,Electoral autocracy,2023.0,64.0,2022.0,Observed,4.74493212836325,1.0,0.0,0.0,4.0,,15
BRB,Barbados,35,2023,20865.0155437147,2023,9.945829137991334,3.0,Liberal democracy,2023.0,59.20685012,2012.0,Observed,3.5553480614894135,0.0,0.0,1.0,-6.0,,16
BLR,Belarus,1,2023,27782.4380139967,2023,10.232159373940483,1.0,Electoral autocracy,2023.0,52.6,2019.0,Observed,0.0,1.0,0.0,0.0,1.0,,17
BEL,Belgium,4,2023,63042.0099876309,2023,11.051556608345022,3.0,Liberal democracy,2023.0,66.7,2018.0,Observed,1.3862943611198906,0.0,0.0,1.0,0.0,,18
BEN,Benin,518,2023,3721.21254814808,2023,8.221804847959039,1.0,Electoral autocracy,2023.0,22.4,2022.0,Observed,6.249975242259483,1.0,0.0,0.0,4.0,,19
BTN,Bhutan,47,2023,14610.2959097837,2023,9.589481758460494,3.0,Liberal democracy,2023.0,65.60409679,2010.0,Observed,3.8501476017100584,0.0,0.0,1.0,-8.0,,20
BOL,Bolivia,146,2023,11616.1575595159,2023,9.360152300980499,2.0,Electoral democracy,2023.0,66.5,2016.0,Observed,4.983606621708336,0.0,1.0,0.0,-2.0,,21
BIH,Bosnia and Herzegovina,6,2023,19804.9181465635,2023,9.89368557707921,2.0,Electoral democracy,2023.0,46.01743031,2012.0,Observed,1.791759469228055,0.0,1.0,0.0,-6.0,,22
BWA,Botswana,155,2023,18932.4802712334,2023,9.848634258929248,2.0,Electoral democracy,2023.0,67.4,2017.0,Observed,5.043425116919247,0.0,1.0,0.0,-1.0,,23
BRA,Brazil,67,2023,19079.8122134028,2023,9.856386102889001,2.0,Electoral democracy,2023.0,80.2004995714604,2013.0,Observed,4.204692619390966,0.0,1.0,0.0,-5.0,,24
BGR,Bulgaria,6,2023,33073.6803093453,2023,10.406493088242923,2.0,Electoral democracy,2023.0,,,Missing,1.791759469228055,0.0,1.0,0.0,,,25
BFA,Burkina Faso,242,2023,2486.20669812871,2023,7.818513413477029,0.0,Closed autocracy,2023.0,33.9627403568433,2022.0,Observed,5.488937726156687,0.0,0.0,0.0,4.0,,26
BDI,Burundi,392,2023,1033.00937341776,2023,6.940231543055004,1.0,Electoral autocracy,2023.0,28.5,2017.0,Observed,5.971261839790462,1.0,0.0,0.0,-1.0,,27
CPV,Cabo Verde,40,2023,9228.4604533114,2023,9.130047515460102,2.0,Electoral democracy,2023.0,55.8,2018.0,Observed,3.6888794541139363,0.0,1.0,0.0,0.0,,28
KHM,Cambodia,137,2023,6695.29194763723,2023,8.809159863991137,1.0,Electoral autocracy,2023.0,61.9,2022.0,Observed,4.919980925828125,1.0,0.0,0.0,4.0,,29
CMR,Cameroon,258,2023,4875.25120768005,2023,8.491926911884857,1.0,Electoral autocracy,2023.0,19.3,2018.0,Observed,5.552959584921617,1.0,0.0,0.0,0.0,,30
CAN,Canada,12,2023,58088.3778077995,2023,10.969720885098281,2.0,Electoral democracy,2023.0,,,Missing,2.4849066497880004,0.0,1.0,0.0,,,31
CAF,Central African Republic,692,2023,1132.67643369804,2023,7.032338636567825,1.0,Electoral autocracy,2023.0,17.8,2019.0,Observed,6.539585955617669,1.0,0.0,0.0,1.0,,32
TCD,Chad,748,2023,2433.53330962707,2023,7.797099517130136,0.0,Closed autocracy,2023.0,8.1,2019.0,Observed,6.617402977974478,0.0,0.0,0.0,1.0,,33
CHL,Chile,10,2023,29600.4188613168,2023,10.295543790932193,3.0,Liberal democracy,2023.0,76.2635245751857,2016.0,Observed,2.302585092994046,0.0,0.0,1.0,-2.0,,34
CHN,China,16,2023,22687.2519534328,2023,10.029558457765413,0.0,Closed autocracy,2023.0,84.5,2017.0,Observed,2.772588722239781,0.0,0.0,0.0,-1.0,,35
COL,Colombia,59,2023,18406.6242338491,2023,9.820465891517241,2.0,Electoral democracy,2023.0,81.0,2015.0,Observed,4.07753744390572,0.0,1.0,0.0,-3.0,,36
COM,Comoros,179,2023,3508.15862331545,2023,8.162846570062563,1.0,Electoral autocracy,2023.0,11.6,2022.0,Observed,5.187385805840755,1.0,0.0,0.0,4.0,,37
COD,"Congo, Dem. Rep.",427,2023,1559.33806475859,2023,7.352016692733012,1.0,Electoral autocracy,2023.0,28.1286863587728,2018.0,Observed,6.056784013228625,1.0,0.0,0.0,0.0,,38
COG,"Congo, Rep.",241,2023,6172.28776650683,2023,8.727824836911203,1.0,Electoral autocracy,2023.0,30.11949285,2015.0,Observed,5.484796933490655,1.0,0.0,0.0,-3.0,,39
CRI,Costa Rica,24,2023,26378.5409941926,2023,10.180306117470861,3.0,Liberal democracy,2023.0,70.9,2018.0,Observed,3.1780538303479458,0.0,0.0,1.0,0.0,,40
CIV,Cote d'Ivoire,359,2023,6520.89886459765,2023,8.782767508086865,1.0,Electoral autocracy,2023.0,31.9711571456027,2022.0,Observed,5.883322388488279,1.0,0.0,0.0,4.0,,41
HRV,Croatia,3,2023,41320.257995772,2023,10.62910816706142,2.0,Electoral democracy,2023.0,,,Missing,1.0986122886681098,0.0,1.0,0.0,,,42
CYP,Cyprus,14,2023,51674.90234375,2023,10.852727494732024,3.0,Liberal democracy,2023.0,,,Missing,2.6390573296152584,0.0,0.0,1.0,,,43
CZE,Czechia,3,2023,47558.4106763314,2023,10.76971393301194,3.0,Liberal democracy,2023.0,,,Missing,1.0986122886681098,0.0,0.0,1.0,,,44
DNK,Denmark,4,2023,68993.9031100362,2023,11.141773418951244,3.0,Liberal democracy,2023.0,,,Missing,1.3862943611198906,0.0,0.0,1.0,,,45
DJI,Djibouti,162,2023,6510.67859061619,2023,8.781198967960083,1.0,Electoral autocracy,2023.0,19.0,2012.0,Observed,5.087596335232384,1.0,0.0,0.0,-6.0,,46
DOM,Dominican Republic,124,2023,23282.4895071054,2023,10.055456833718395,2.0,Electoral democracy,2023.0,62.7779892966591,2019.0,Observed,4.820281565605037,0.0,1.0,0.0,1.0,,47
ECU,Ecuador,55,2023,14321.1648295611,2023,9.569493780052932,2.0,Electoral democracy,2023.0,77.8500417459495,2018.0,Observed,4.007333185232471,0.0,1.0,0.0,0.0,,48
EGY,"Egypt, Arab Rep.",17,2023,16691.3873991962,2023,9.722648140774146,1.0,Electoral autocracy,2023.0,58.5,2014.0,Observed,2.833213344056216,1.0,0.0,0.0,-4.0,,49
SLV,El Salvador,39,2023,11404.3342262685,2023,9.341748757413383,1.0,Electoral autocracy,2023.0,53.6,2021.0,Observed,3.6635616461296463,1.0,0.0,0.0,3.0,,50
GNQ,Equatorial Guinea,174,2023,15302.1517835147,2023,9.635748736937133,1.0,Electoral autocracy,2023.0,12.6,2011.0,Observed,5.159055299214529,1.0,0.0,0.0,-7.0,,51
EST,Estonia,5,2023,41284.7746875532,2023,10.628249059347311,3.0,Liberal democracy,2023.0,75.0978731759999,2014.0,Observed,1.6094379124341003,0.0,0.0,1.0,-4.0,,52
SWZ,Eswatini,118,2023,10181.5040730397,2023,9.228328027033676,0.0,Closed autocracy,2023.0,57.7,2022.0,Observed,4.770684624465665,0.0,0.0,0.0,4.0,,53
ETH,Ethiopia,195,2023,2757.95923626099,2023,7.922246278063088,1.0,Electoral autocracy,2023.0,36.0705648652283,2021.0,Observed,5.272999558563747,1.0,0.0,0.0,3.0,,54
FJI,Fiji,30,2023,13194.8047570404,2023,9.487578452089824,2.0,Electoral democracy,2023.0,35.4,2021.0,Observed,3.4011973816621555,0.0,1.0,0.0,3.0,,55
FIN,Finland,8,2023,56051.7701129501,2023,10.934031008964173,3.0,Liberal democracy,2023.0,85.4748603351955,2015.0,Observed,2.0794415416798357,0.0,0.0,1.0,-3.0,,56
FRA,France,7,2023,54296.7230897731,2023,10.902219155846359,3.0,Liberal democracy,2023.0,78.4,2010.0,Observed,1.9459101490553132,0.0,0.0,1.0,-8.0,,57
GAB,Gabon,233,2023,18701.4227766323,2023,9.8363548842603,0.0,Closed autocracy,2023.0,24.8,2021.0,Observed,5.4510384535657,0.0,0.0,0.0,3.0,,58
GMB,"Gambia, The",354,2023,2963.59873467436,2023,7.994159597586803,2.0,Electoral democracy,2023.0,18.9,2020.0,Observed,5.869296913133774,0.0,1.0,0.0,2.0,,59
GEO,Georgia,20,2023,22590.5293649146,2023,10.025286042782644,2.0,Electoral democracy,2023.0,39.25737653,2018.0,Observed,2.995732273553991,0.0,1.0,0.0,0.0,,60
DEU,Germany,4,2023,63140.1949099669,2023,11.05311284905633,3.0,Liberal democracy,2023.0,80.3,2011.0,Observed,1.3862943611198906,0.0,0.0,1.0,-7.0,,61
GHA,Ghana,234,2023,6808.53775003964,2023,8.825932655094995,2.0,Electoral democracy,2023.0,36.3,2022.0,Observed,5.455321115357702,0.0,1.0,0.0,4.0,,62
GRC,Greece,5,2023,36700.5134631055,2023,10.510546024765103,2.0,Electoral democracy,2023.0,,,Missing,1.6094379124341003,0.0,1.0,0.0,,,63
GTM,Guatemala,94,2023,12380.3715121996,2023,9.423867554851297,2.0,Electoral democracy,2023.0,60.6,2015.0,Observed,4.543294782270004,0.0,1.0,0.0,-3.0,,64
GIN,Guinea,494,2023,3904.82395527998,2023,8.269967979383043,0.0,Closed autocracy,2023.0,10.9,2018.0,Observed,6.202535517187923,0.0,0.0,0.0,0.0,,65
GNB,Guinea-Bissau,505,2023,2660.81444655656,2023,7.886387537827321,1.0,Electoral autocracy,2023.0,21.201503046269,2019.0,Observed,6.22455842927536,1.0,0.0,0.0,1.0,,66
GUY,Guyana,75,2023,49312.3603225444,2023,10.805930045088287,1.0,Electoral autocracy,2023.0,29.8771395174816,2020.0,Observed,4.31748811353631,1.0,0.0,0.0,2.0,,67
HTI,Haiti,328,2023,2939.1237948199,2023,7.985866786940444,0.0,Closed autocracy,2023.0,34.3,2017.0,Observed,5.793013608384144,0.0,0.0,0.0,-1.0,,68
HND,Honduras,47,2023,6467.8800352783,2023,8.774603673103579,2.0,Electoral democracy,2023.0,69.3736806153714,2019.0,Observed,3.8501476017100584,0.0,1.0,0.0,1.0,,69
HUN,Hungary,12,2023,40333.2546888118,2023,10.604931586044698,1.0,Electoral autocracy,2023.0,,,Missing,2.4849066497880004,1.0,0.0,0.0,,,70
ISL,Iceland,3,2023,69268.1221404224,2023,11.145740081372768,3.0,Liberal democracy,2023.0,,,Missing,1.0986122886681098,0.0,0.0,1.0,,,71
IND,India,80,2023,8870.55027609345,2023,9.090492111270386,1.0,Electoral autocracy,2023.0,66.7,2021.0,Observed,4.382026634673881,1.0,0.0,0.0,3.0,,72
IDN,Indonesia,140,2023,13889.9495012858,2023,9.538920800125208,2.0,Electoral democracy,2023.0,52.6,2023.0,Observed,4.941642422609304,0.0,1.0,0.0,5.0,,73
IRN,"Iran, Islamic Rep.",16,2023,17044.8173442641,2023,9.74360146842565,0.0,Closed autocracy,2023.0,77.4,2010.0,Observed,2.772588722239781,0.0,0.0,0.0,-8.0,,74
IRQ,Iraq,66,2023,13202.3228073856,2023,9.488148063349998,1.0,Electoral autocracy,2023.0,52.78881501,2018.0,Observed,4.189654742026425,1.0,0.0,0.0,0.0,,75
IRL,Ireland,4,2023,117659.728593716,2023,11.67555208171611,3.0,Liberal democracy,2023.0,73.2626619552415,2010.0,Observed,1.3862943611198906,0.0,0.0,1.0,-8.0,,76
ISR,Israel,2,2023,47671.2476926086,2023,10.772083721395443,2.0,Electoral democracy,2023.0,,,Missing,0.6931471805599453,0.0,1.0,0.0,,,77
ITA,Italy,6,2023,52842.6288831758,2023,10.875073509162041,3.0,Liberal democracy,2023.0,65.1,2013.0,Observed,1.791759469228055,0.0,0.0,1.0,-5.0,,78
JAM,Jamaica,130,2023,11398.8120394641,2023,9.3412644218881,2.0,Electoral democracy,2023.0,60.6,2022.0,Observed,4.867534450455582,0.0,1.0,0.0,4.0,,79
JPN,Japan,3,2023,47387.2172542523,2023,10.766107793133138,3.0,Liberal democracy,2023.0,58.3383869011522,2021.0,Observed,1.0986122886681098,0.0,0.0,1.0,3.0,,80
JOR,Jordan,31,2023,10308.7821986337,2023,9.240751451570231,0.0,Closed autocracy,2023.0,60.1,2023.0,Observed,3.4339872044851463,0.0,0.0,0.0,5.0,,81
KAZ,Kazakhstan,10,2023,34703.2349286604,2023,10.454588187199523,1.0,Electoral autocracy,2023.0,52.98,2018.0,Observed,2.302585092994046,1.0,0.0,0.0,0.0,,82
KEN,Kenya,149,2023,5691.82513474417,2023,8.646786237505259,2.0,Electoral democracy,2023.0,62.5,2022.0,Observed,5.003946305945459,0.0,1.0,0.0,4.0,,83
KOR,"Korea, Rep.",4,2023,54029.3434990785,2023,10.897282576090193,3.0,Liberal democracy,2023.0,84.22,2021.0,Observed,1.3862943611198906,0.0,0.0,1.0,3.0,,84
KWT,Kuwait,8,2023,47790.1933239144,2023,10.774575736843671,1.0,Electoral autocracy,2023.0,,,Missing,2.0794415416798357,1.0,0.0,0.0,,,85
KGZ,Kyrgyz Republic,42,2023,6575.77541290499,2023,8.791147783614026,1.0,Electoral autocracy,2023.0,39.3763412,2018.0,Observed,3.7376696182833684,1.0,0.0,0.0,0.0,,86
LAO,Lao PDR,112,2023,8372.15591874407,2023,9.032666707227165,0.0,Closed autocracy,2023.0,56.2757987,2017.0,Observed,4.718498871295094,0.0,0.0,0.0,-1.0,,87
LVA,Latvia,19,2023,37277.7217221317,2023,10.526151154328312,3.0,Liberal democracy,2023.0,,,Missing,2.9444389791664403,0.0,0.0,1.0,,,88
LBN,Lebanon,15,2023,11330.2687387422,2023,9.335233072958955,1.0,Electoral autocracy,2023.0,,,Missing,2.70805020110221,1.0,0.0,0.0,,,89
LSO,Lesotho,478,2023,2592.4570129526,2023,7.860361358655738,2.0,Electoral democracy,2023.0,64.9305733,2018.0,Observed,6.169610732491456,0.0,1.0,0.0,0.0,,90
LBR,Liberia,628,2023,1616.92373356695,2023,7.38828069307638,2.0,Electoral democracy,2023.0,24.9,2020.0,Observed,6.4425401664681985,0.0,1.0,0.0,2.0,,91
LBY,Libya,59,2023,12476.5974944083,2023,9.431609968085285,0.0,Closed autocracy,2023.0,27.7,2014.0,Observed,4.07753744390572,0.0,0.0,0.0,-4.0,,92
LTU,Lithuania,8,2023,46333.9006965206,2023,10.743629168618392,2.0,Electoral democracy,2023.0,,,Missing,2.0794415416798357,0.0,1.0,0.0,,,93
LUX,Luxembourg,11,2023,130048.922273147,2023,11.775665983823213,3.0,Liberal democracy,2023.0,,,Missing,2.3978952727983707,0.0,0.0,1.0,,,94
MDG,Madagascar,445,2023,1629.6055225489,2023,7.3960932538052955,1.0,Electoral autocracy,2023.0,49.7,2021.0,Observed,6.09807428216624,1.0,0.0,0.0,3.0,,95
MWI,Malawi,225,2023,1649.29873234551,2023,7.408105465852289,2.0,Electoral democracy,2023.0,65.6131232873079,2020.0,Observed,5.41610040220442,0.0,1.0,0.0,2.0,,96
MYS,Malaysia,26,2023,32857.6676600774,2023,10.399940410985689,2.0,Electoral democracy,2023.0,42.8,2022.0,Observed,3.258096538021482,0.0,1.0,0.0,4.0,,97
MDV,Maldives,32,2023,22333.0477138175,2023,10.01382282068967,2.0,Electoral democracy,2023.0,18.8,2017.0,Observed,3.4657359027997265,0.0,1.0,0.0,-1.0,,98
MLI,Mali,367,2023,2861.48058063314,2023,7.959094455397032,0.0,Closed autocracy,2023.0,17.2,2018.0,Observed,5.905361848054571,0.0,0.0,0.0,0.0,,99
MLT,Malta,8,2023,60459.7655182644,2023,11.009733390030599,2.0,Electoral democracy,2023.0,,,Missing,2.0794415416798357,0.0,1.0,0.0,,,100
MRT,Mauritania,381,2023,6276.47521075653,2023,8.744563829717528,1.0,Electoral autocracy,2023.0,14.3,2021.0,Observed,5.942799375126701,1.0,0.0,0.0,3.0,,101
MUS,Mauritius,66,2023,26471.0351422892,2023,10.183806400700915,1.0,Electoral autocracy,2023.0,63.8,2014.0,Observed,4.189654742026425,1.0,0.0,0.0,-4.0,,102
MEX,Mexico,42,2023,21864.9236104145,2023,9.992638970148464,2.0,Electoral democracy,2023.0,71.8482508570646,2023.0,Observed,3.7376696182833684,0.0,1.0,0.0,5.0,,103
MDA,Moldova,19,2023,15980.5668889856,2023,9.679128693596278,2.0,Electoral democracy,2023.0,56.0,2020.0,Observed,2.9444389791664403,0.0,1.0,0.0,2.0,,104
MNG,Mongolia,41,2023,16222.8638898529,2023,9.694176877425928,2.0,Electoral democracy,2023.0,48.1348813,2018.0,Observed,3.713572066704308,0.0,1.0,0.0,0.0,,105
MNE,Montenegro,6,2023,27243.404228981,2023,10.212566724150475,2.0,Electoral democracy,2023.0,20.7,2018.0,Observed,1.791759469228055,0.0,1.0,0.0,0.0,,106
MAR,Morocco,70,2023,8915.3515625,2023,9.095529964460814,0.0,Closed autocracy,2023.0,70.8,2018.0,Observed,4.248495242049359,0.0,0.0,0.0,0.0,,107
MOZ,Mozambique,99,2023,1512.66729609671,2023,7.321629792777833,1.0,Electoral autocracy,2023.0,26.4,2023.0,Observed,4.59511985013459,1.0,0.0,0.0,5.0,,108
MMR,Myanmar,185,2023,5364.13797034429,2023,8.58749096561147,0.0,Closed autocracy,2023.0,52.2,2016.0,Observed,5.220355825078324,0.0,0.0,0.0,-2.0,,109
NAM,Namibia,139,2023,10126.2359555611,2023,9.222884954209889,2.0,Electoral democracy,2023.0,56.1,2013.0,Observed,4.9344739331306915,0.0,1.0,0.0,-5.0,,110
NPL,Nepal,142,2023,4861.230303797,2023,8.48904683378718,2.0,Electoral democracy,2023.0,57.2,2022.0,Observed,4.955827057601261,0.0,1.0,0.0,4.0,,111
NLD,Netherlands,4,2023,70198.9546022361,2023,11.159088698196982,3.0,Liberal democracy,2023.0,73.0,2013.0,Observed,1.3862943611198906,0.0,0.0,1.0,-5.0,,112
NZL,New Zealand,7,2023,49592.5875512098,2023,10.81159665701301,3.0,Liberal democracy,2023.0,,,Missing,1.9459101490553132,0.0,0.0,1.0,,,113
NIC,Nicaragua,60,2023,7496.53056557505,2023,8.922195601239398,1.0,Electoral autocracy,2023.0,80.4,2012.0,Observed,4.0943445622221,1.0,0.0,0.0,-6.0,,114
NER,Niger,350,2023,1712.97031726521,2023,7.445984170249419,0.0,Closed autocracy,2023.0,15.2564802562511,2023.0,Observed,5.857933154483459,0.0,0.0,0.0,5.0,,115
NGA,Nigeria,993,2023,7843.00399007675,2023,8.967377201956225,1.0,Electoral autocracy,2023.0,21.6,2021.0,Observed,6.900730664045173,1.0,0.0,0.0,3.0,,116
MKD,North Macedonia,3,2023,23455.2221318176,2023,10.062848441270585,2.0,Electoral democracy,2023.0,59.8676426711758,2019.0,Observed,1.0986122886681098,0.0,1.0,0.0,1.0,,117
NOR,Norway,1,2023,94364.9641754336,2023,11.454925141033886,3.0,Liberal democracy,2023.0,,,Missing,0.0,0.0,0.0,1.0,,,118
OMN,Oman,13,2023,37793.6163957515,2023,10.53989548892684,0.0,Closed autocracy,2023.0,29.7,2014.0,Observed,2.5649493574615367,0.0,0.0,0.0,-4.0,,119
PAK,Pakistan,155,2023,5418.7693189297,2023,8.597624005722903,1.0,Electoral autocracy,2023.0,34.0,2019.0,Observed,5.043425116919247,1.0,0.0,0.0,1.0,,120
PAN,Panama,37,2023,35872.9719200069,2023,10.487739419617439,2.0,Electoral democracy,2023.0,50.8,2015.0,Observed,3.6109179126442243,0.0,1.0,0.0,-3.0,,121
PNG,Papua New Guinea,189,2023,4206.37834691367,2023,8.344357306309664,1.0,Electoral autocracy,2023.0,36.7,2018.0,Observed,5.241747015059643,1.0,0.0,0.0,0.0,,122
PRY,Paraguay,58,2023,15831.5849831308,2023,9.669762273139597,2.0,Electoral democracy,2023.0,68.35988695,2016.0,Observed,4.060443010546419,0.0,1.0,0.0,-2.0,,123
PER,Peru,51,2023,15342.2741359642,2023,9.63836731269256,2.0,Electoral democracy,2023.0,77.3,2023.0,Observed,3.9318256327243257,0.0,1.0,0.0,5.0,,124
PHL,Philippines,84,2023,9898.53294588106,2023,9.20014183785712,1.0,Electoral autocracy,2023.0,58.3,2022.0,Observed,4.430816798843313,1.0,0.0,0.0,4.0,,125
POL,Poland,2,2023,43672.7668014946,2023,10.684480001502509,2.0,Electoral democracy,2023.0,63.2,2014.0,Observed,0.6931471805599453,0.0,1.0,0.0,-4.0,,126
PRT,Portugal,15,2023,41768.2583096874,2023,10.639891959463322,2.0,Electoral democracy,2023.0,73.8869860463731,2014.0,Observed,2.70805020110221,0.0,1.0,0.0,-4.0,,127
QAT,Qatar,4,2023,116159.142564088,2023,11.662716448523872,0.0,Closed autocracy,2023.0,37.52185226,2012.0,Observed,1.3862943611198906,0.0,0.0,0.0,-6.0,,128
ROU,Romania,12,2023,40116.6891416904,2023,10.599547714784507,2.0,Electoral democracy,2023.0,,,Missing,2.4849066497880004,0.0,1.0,0.0,,,129
RUS,Russian Federation,9,2023,39881.44921875,2023,10.593666562902722,1.0,Electoral autocracy,2023.0,68.0,2011.0,Observed,2.1972245773362196,1.0,0.0,0.0,-7.0,,130
RWA,Rwanda,229,2023,3168.03075281515,2023,8.060865460215215,1.0,Electoral autocracy,2023.0,64.1,2020.0,Observed,5.43372200355424,1.0,0.0,0.0,2.0,,131
STP,Sao Tome and Principe,75,2023,5541.3016760535,2023,8.619984711719095,2.0,Electoral democracy,2023.0,49.6820543663491,2019.0,Observed,4.31748811353631,0.0,1.0,0.0,1.0,,132
SAU,Saudi Arabia,7,2023,64481.8441927288,2023,11.074138977775368,0.0,Closed autocracy,2023.0,39.9921873361432,2023.0,Observed,1.9459101490553132,0.0,0.0,0.0,5.0,,133
SEN,Senegal,237,2023,4304.76148721773,2023,8.36747701166096,2.0,Electoral democracy,2023.0,26.5,2023.0,Observed,5.4680601411351315,0.0,1.0,0.0,5.0,,134
SRB,Serbia,11,2023,25735.1334774195,2023,10.155612398683838,1.0,Electoral autocracy,2023.0,62.2958961009131,2019.0,Observed,2.3978952727983707,1.0,0.0,0.0,1.0,,135
SYC,Seychelles,42,2023,28713.6672353088,2023,10.265128498685083,3.0,Liberal democracy,2023.0,,,Missing,3.7376696182833684,0.0,0.0,1.0,,,136
SLE,Sierra Leone,354,2023,3034.94608192505,2023,8.017948937907471,1.0,Electoral autocracy,2023.0,21.2,2019.0,Observed,5.869296913133774,1.0,0.0,0.0,1.0,,137
SGP,Singapore,6,2023,130296.843789261,2023,11.77757054017383,1.0,Electoral autocracy,2023.0,,,Missing,1.791759469228055,1.0,0.0,0.0,,,138
SVK,Slovak Republic,4,2023,39501.9474231962,2023,10.584105251526985,2.0,Electoral democracy,2023.0,,,Missing,1.3862943611198906,0.0,1.0,0.0,,,139
SVN,Slovenia,3,2023,47986.4195855821,2023,10.778673324558742,2.0,Electoral democracy,2023.0,,,Missing,1.0986122886681098,0.0,1.0,0.0,,,140
SLB,Solomon Islands,123,2023,2339.87469992347,2023,7.757852659876801,2.0,Electoral democracy,2023.0,29.3,2015.0,Observed,4.812184355372417,0.0,1.0,0.0,-3.0,,141
SOM,"Somalia, Fed. Rep.",563,2023,1401.64735228455,2023,7.245403504061039,0.0,Closed autocracy,2023.0,6.9,2019.0,Observed,6.333279628139691,0.0,0.0,0.0,1.0,,142
ZAF,South Africa,118,2023,13695.3755694076,2023,9.524813505155223,2.0,Electoral democracy,2023.0,54.6,2016.0,Observed,4.770684624465665,0.0,1.0,0.0,-2.0,,143
ESP,Spain,3,2023,47322.5937004504,2023,10.764743128518573,3.0,Liberal democracy,2023.0,62.0757,2018.0,Observed,1.0986122886681098,0.0,0.0,1.0,0.0,,144
LKA,Sri Lanka,18,2023,13065.0698305722,2023,9.477697522798616,2.0,Electoral democracy,2023.0,64.6,2016.0,Observed,2.8903717578961645,0.0,1.0,0.0,-2.0,,145
SDN,Sudan,256,2023,2181.0791015625,2023,7.687575034027438,0.0,Closed autocracy,2023.0,12.77805417,2014.0,Observed,5.545177444479562,0.0,0.0,0.0,-4.0,,146
SUR,Suriname,84,2023,19020.8663751009,2023,9.85329188580335,3.0,Liberal democracy,2023.0,39.12159292,2018.0,Observed,4.430816798843313,0.0,0.0,1.0,0.0,,147
SWE,Sweden,4,2023,62122.5116950792,2023,11.036863709398858,3.0,Liberal democracy,2023.0,,,Missing,1.3862943611198906,0.0,0.0,1.0,,,148
CHE,Switzerland,5,2023,85383.3564504008,2023,11.354906471443696,3.0,Liberal democracy,2023.0,71.6,2017.0,Observed,1.6094379124341003,0.0,0.0,1.0,-1.0,,149
SYR,Syrian Arab Republic,20,2023,4579.43973633341,2022,8.42933194131403,0.0,Closed autocracy,2023.0,,,Missing,2.995732273553991,0.0,0.0,0.0,,,150
TJK,Tajikistan,14,2023,4472.3241378777,2023,8.405663493844605,1.0,Electoral autocracy,2023.0,29.3,2017.0,Observed,2.6390573296152584,1.0,0.0,0.0,-1.0,,151
TZA,Tanzania,276,2023,3620.79345703125,2023,8.194448467827057,1.0,Electoral autocracy,2023.0,37.6,2022.0,Observed,5.62040086571715,1.0,0.0,0.0,4.0,,152
THA,Thailand,34,2023,21245.2706771879,2023,9.96388959321559,1.0,Electoral autocracy,2023.0,72.8,2022.0,Observed,3.5263605246161616,1.0,0.0,0.0,4.0,,153
TLS,Timor-Leste,192,2023,4331.07792560386,2023,8.373571733572703,2.0,Electoral democracy,2023.0,26.0,2016.0,Observed,5.2574953720277815,0.0,1.0,0.0,-2.0,,154
TGO,Togo,349,2023,3215.82300022488,2023,8.075838591540744,1.0,Electoral autocracy,2023.0,23.8,2017.0,Observed,5.855071922202427,1.0,0.0,0.0,-1.0,,155
TTO,Trinidad and Tobago,54,2023,31196.603554718,2023,10.348064507446143,3.0,Liberal democracy,2023.0,36.5,2022.0,Observed,3.9889840465642745,0.0,0.0,1.0,4.0,,156
TUN,Tunisia,36,2023,12650.9615158166,2023,9.445488500422579,1.0,Electoral autocracy,2023.0,54.0,2023.0,Observed,3.58351893845611,1.0,0.0,0.0,5.0,,157
TUR,Turkiye,15,2023,35069.1701714685,2023,10.465077680791783,1.0,Electoral autocracy,2023.0,69.8,2018.0,Observed,2.70805020110221,1.0,0.0,0.0,0.0,,158
TKM,Turkmenistan,5,2023,17685.8585929282,2023,9.78052064967955,0.0,Closed autocracy,2023.0,49.6763641281299,2019.0,Observed,1.6094379124341003,0.0,0.0,0.0,1.0,,159
UGA,Uganda,170,2023,2791.05576885861,2023,7.934175215013012,1.0,Electoral autocracy,2023.0,43.0,2022.0,Observed,5.135798437050262,1.0,0.0,0.0,4.0,,160
UKR,Ukraine,15,2023,15916.9580078125,2023,9.675140361229007,1.0,Electoral autocracy,2023.0,65.4588684,2012.0,Observed,2.70805020110221,1.0,0.0,0.0,-6.0,,161
ARE,United Arab Emirates,3,2023,70239.8328337228,2023,11.159670848376251,0.0,Closed autocracy,2023.0,,,Missing,1.0986122886681098,0.0,0.0,0.0,,,162
GBR,United Kingdom,8,2023,53423.4226338292,2023,10.886004554881648,3.0,Liberal democracy,2023.0,76.1,2012.0,Observed,2.0794415416798357,0.0,0.0,1.0,-6.0,,163
USA,United States,17,2023,74351.6718197429,2023,11.216561437442397,3.0,Liberal democracy,2023.0,73.9,2019.0,Observed,2.833213344056216,0.0,0.0,1.0,1.0,,164
URY,Uruguay,15,2023,31100.9696889882,2023,10.34499427739148,3.0,Liberal democracy,2023.0,,,Missing,2.70805020110221,0.0,0.0,1.0,,,165
UZB,Uzbekistan,26,2023,10514.0955721447,2023,9.260472071327113,0.0,Closed autocracy,2023.0,58.8,2022.0,Observed,3.258096538021482,0.0,0.0,0.0,4.0,,166
VUT,Vanuatu,100,2023,3782.82649029418,2023,8.238226757943892,2.0,Electoral democracy,2023.0,49.0,2013.0,Observed,4.605170185988092,0.0,1.0,0.0,-5.0,,167
VNM,Viet Nam,48,2023,13534.7997843016,2023,9.513019409497293,0.0,Closed autocracy,2023.0,72.8,2021.0,Observed,3.871201010907891,0.0,0.0,0.0,3.0,,168
PSE,West Bank and Gaza,16,2023,5562.42442563953,2023,8.623789339980318,,Not available,,57.3,2020.0,Observed,2.772588722239781,0.0,0.0,0.0,2.0,OWID 2023 reports Palestine/Gaza and Palestine/West Bank separately; no unified PSE regime value.,169
ZMB,Zambia,85,2023,3673.4841969922,2023,8.208895863157027,2.0,Electoral democracy,2023.0,49.6,2018.0,Observed,4.442651256490317,0.0,1.0,0.0,0.0,,170
ZWE,Zimbabwe,358,2023,5218.04526596398,2023,8.559878140623397,1.0,Electoral autocracy,2023.0,66.8,2015.0,Observed,5.8805329864007,1.0,0.0,0.0,-3.0,,171
